feature,F,p_value
spectral_energy,52.92642761846046,7.970512122415237e-08
mean_power,52.92642761846046,7.970512122415237e-08
mean,15.774518653227517,0.00047693277854461935
spectral_entropy,15.199075485542428,0.0005783919543107036
rms,3.3828403049174716,0.07690024211633098
std,0.14584133482199924,0.7055308772068821
