,mean,std,rms,spectral_energy,mean_power,spectral_entropy
mean,1.0,0.2071540585368585,0.2563573493587746,-0.5518331526725533,-0.5518331526725536,0.46567507512605455
std,0.2071540585368585,1.0,0.4487320776726694,0.13575221364532747,0.1357522136453275,0.0158897887306444
rms,0.2563573493587746,0.4487320776726694,1.0,0.29865337710476414,0.2986533771047641,-0.00254227524316662
spectral_energy,-0.5518331526725533,0.13575221364532747,0.29865337710476414,1.0,1.0000000000000004,-0.6217707046934343
mean_power,-0.5518331526725536,0.1357522136453275,0.2986533771047641,1.0000000000000004,1.0,-0.6217707046934345
spectral_entropy,0.46567507512605455,0.0158897887306444,-0.00254227524316662,-0.6217707046934343,-0.6217707046934345,1.0
