feature,FisherRatio
mean_power,2.509957872216153
spectral_energy,2.5099578722161526
mean,1.5817446440959535
spectral_entropy,1.3679641768713775
rms,0.3779039541594818
std,0.013718765773772111
